단어,슬픔,분노,기쁨,긴장감,무서운,증오,차분히,섹시,브릿락,설렘,몽환
참지,0,0,0,1,0,0,0,0,0,0,0
조마조마함,0,0,0,1,0,0,0,0,0,0,0
여윈,1,0,0,0,0,0,0,0,0,0,0
냉담하다,0,0,0,0,1,0,0,0,0,0,0
꾸물거리다,0,0,0,0,0,0,1,0,0,0,0
잔소리,0,1,0,0,0,0,0,0,0,0,0
아깝게,1,0,0,0,0,0,0,0,0,0,0
부자연,0,0,0,1,0,0,0,0,0,0,0
안쓰러워하다,0,0,0,0,0,0,0,0,1,0,0
움츠러들거나,0,0,0,0,1,0,0,0,0,0,0
쓰리고,0,0,0,0,0,0,0,0,1,0,0
끊어지고,1,0,0,0,0,0,0,0,0,0,0
범죄자,0,0,0,0,1,0,0,0,0,0,0
따분하고,0,0,0,0,0,0,1,0,0,0,0
어설픈,0,0,0,1,0,0,0,0,0,0,0
남기거나,0,0,1,0,0,0,0,0,0,0,0
의심,0,0,0,1,0,0,0,0,0,0,0
없이,1,0,0,0,0,0,0,0,0,0,0
없어지다,1,0,0,0,0,0,0,0,0,0,0
노예,1,0,0,0,0,0,0,0,0,0,0
벗어나는,0,0,1,0,0,0,0,0,0,0,0
웃음,0,0,1,0,0,0,0,0,0,0,0
철컹철컹,0,0,0,1,0,0,0,0,0,0,0
권태기,0,0,0,0,0,0,1,0,0,0,0
도적,0,0,0,0,1,0,0,0,0,0,0
닳아,1,0,0,0,0,0,0,0,0,0,0
시큰둥한,0,0,0,0,0,0,1,0,0,0,0
종알종알,0,0,0,0,0,1,0,0,0,0,0
거역,0,0,0,1,0,0,0,0,0,0,0
거절,0,0,0,1,0,0,0,0,0,0,0
방정,0,1,0,0,0,0,0,0,0,0,0
상쾌하지,0,0,1,0,0,0,0,0,0,0,0
살인,0,0,0,0,0,1,0,0,0,0,0
보록,0,0,0,0,0,0,0,0,0,1,0
도리어,0,0,0,0,0,0,0,1,0,0,0
날카로운,0,0,0,1,0,0,0,0,0,0,0
모자라다,1,0,0,0,0,0,0,0,0,0,0
벗어나,0,0,1,0,0,0,0,0,0,0,0
주색,0,0,0,0,0,0,0,1,0,0,0
쏘아,0,0,0,0,0,0,0,1,0,0,0
흔들거리다,0,0,0,1,0,0,0,0,0,0,0
의혹,0,0,0,0,0,0,0,0,0,0,1
드러나는,0,0,0,0,0,0,0,0,0,0,1
장난,0,0,0,0,0,0,0,0,0,0,1
어렴풋하다,0,0,0,0,0,0,0,1,0,0,0
바라는,0,0,0,0,0,0,0,0,0,1,0
차거나,0,0,0,1,0,0,0,0,0,0,0
깎아내려,0,0,0,0,0,1,0,0,0,0,0
실조,1,0,0,0,0,0,0,0,0,0,0
야위어,1,0,0,0,0,0,0,0,0,0,0
엄살,0,1,0,0,0,0,0,0,0,0,0
어찔어찔하다,0,0,0,0,0,0,0,0,1,0,0
오싹거리다,0,0,0,1,0,0,0,0,0,0,0
부족한,1,0,0,0,0,0,0,0,0,0,0
쭈그러들게,0,0,0,1,0,0,0,0,0,0,0
훔치다,0,0,0,1,0,0,0,0,0,0,0
맛없다,0,1,0,0,0,0,0,0,0,0,0
소홀하게,1,0,0,0,0,0,0,0,0,0,0
벌어져,0,0,0,0,0,0,0,1,0,0,0
쓸쓸하게,1,0,0,0,0,0,0,0,0,0,0
소동,0,0,0,0,0,0,0,0,0,1,0
찌르듯이,0,0,0,0,0,0,0,0,1,0,0
겁나게,0,0,0,0,1,0,0,0,0,0,0
까불며,0,0,0,0,0,1,0,0,0,0,0
빠진,0,0,0,0,0,0,0,1,0,0,0
귀찮고,0,0,0,0,0,0,1,0,0,0,0
까다롭고,0,0,0,1,0,0,0,0,0,0,0
써서,0,0,0,0,0,0,0,0,1,0,0
모자라거나,1,0,0,0,0,0,0,0,0,0,0
틀리거나,1,0,0,0,0,0,0,0,0,0,0
부당하다,0,1,0,0,0,0,0,0,0,0,0
놀라서,0,0,0,1,0,0,0,0,0,0,0
과로,0,0,0,0,0,0,0,0,1,0,0
안색,1,0,0,0,0,0,0,0,0,0,0
몰인정,1,0,0,0,0,0,0,0,0,0,0
남부끄럽다,0,0,0,1,0,0,0,0,0,0,0
불구,1,0,0,0,0,0,0,0,0,0,0
어이없이,0,0,0,0,0,0,0,1,0,0,0
잠기는,0,0,0,0,1,0,0,0,0,0,0
헷갈리어,0,0,0,1,0,0,0,0,0,0,0
칙칙하다,0,0,0,0,0,0,1,0,0,0,0
허름,0,0,0,0,0,0,1,0,0,0,0
밀려나다,0,0,0,1,0,0,0,0,0,0,0
게으르다,0,0,0,0,0,0,1,0,0,0,0
지르면서,0,0,0,0,0,0,0,0,0,1,0
오염,0,0,0,0,1,0,0,0,0,0,0
어긋나게,1,0,0,0,0,0,0,0,0,0,0
훔치려고,0,0,0,1,0,0,0,0,0,0,0
경련,0,0,0,0,0,0,0,0,1,0,0
그만두게,1,0,0,0,0,0,0,0,0,0,0
강등,1,0,0,0,0,0,0,0,0,0,0
만만한,0,0,0,0,0,0,1,0,0,0,0
아쉽다,1,0,0,0,0,0,0,0,0,0,0
고장,1,0,0,0,0,0,0,0,0,0,0
막히는,0,0,0,1,0,0,0,0,0,0,0
벌여,0,0,0,0,0,0,0,0,0,1,0
게우는,0,0,1,0,0,0,0,0,0,0,0
침착하지,0,0,0,0,0,0,0,1,0,0,0
건달,0,0,0,0,1,0,0,0,0,0,0
꺼덕이다,0,0,0,0,0,1,0,0,0,0,0
갑갑하고,0,0,0,0,0,0,0,0,1,0,0
곤란한,1,0,0,0,0,0,0,0,0,0,0
규범,0,0,0,0,0,0,0,0,0,0,1
좌빨,0,0,0,0,0,1,0,0,0,0,0
하릴없이,0,0,0,0,0,0,1,0,0,0,0
버림을,1,0,0,0,0,0,0,0,0,0,0
없애거나,0,0,0,1,0,0,0,0,0,0,0
악의,0,1,0,0,0,0,0,0,0,0,0
헐게,1,0,0,0,0,0,0,0,0,0,0
험하여,0,0,0,1,0,0,0,0,0,0,0
절박,1,0,0,0,0,0,0,0,0,0,0
울다,1,0,0,0,0,0,0,0,0,0,0
달랑,1,0,0,0,0,0,0,0,0,0,0
밝지,0,0,1,0,0,0,0,0,0,0,0
포기,1,0,0,0,0,0,0,0,0,0,0
아무렇게나,0,0,0,0,0,0,0,0,0,0,1
시원하지,0,0,1,0,0,0,0,0,0,0,0
수선스럽다,0,0,0,0,0,0,0,0,1,0,0
빈정거리다,0,0,0,0,0,1,0,0,0,0,0
알쏭달쏭하다,0,0,0,0,0,0,0,0,1,0,0
잃은,1,0,0,0,0,0,0,0,0,0,0
주저,0,0,0,0,0,0,1,0,0,0,0
신통하지,0,0,0,0,0,0,0,0,0,0,1
발휘,0,0,0,0,0,0,0,0,0,1,0
놀라고,0,0,0,1,0,0,0,0,0,0,0
틀어진,1,0,0,0,0,0,0,0,0,0,0
처지도록,1,0,0,0,0,0,0,0,0,0,0
욕심,0,0,0,1,0,0,0,0,0,0,0
안달,0,0,0,1,0,0,0,0,0,0,0
손상,0,0,0,1,0,0,0,0,0,0,0
권태,0,0,0,0,0,0,1,0,0,0,0
건강하지,0,0,1,0,0,0,0,0,0,0,0
빈둥 거리,0,0,0,0,0,0,1,0,0,0,0
여유,0,0,0,0,0,0,1,0,0,0,0
때림을,0,0,0,0,0,0,0,0,1,0,0
뜯거나,0,0,0,0,0,0,0,0,1,0,0
어지러워,0,0,0,0,0,0,0,0,1,0,0
쑤시며,0,0,0,1,0,0,0,0,0,0,0
요리조리,0,0,0,0,0,0,0,0,0,0,1
해어지게,1,0,0,0,0,0,0,0,0,0,0
노름,0,0,0,0,1,0,0,0,0,0,0
실점,1,0,0,0,0,0,0,0,0,0,0
탐하여,0,0,0,0,0,1,0,0,0,0,0
문란하여진,0,0,0,0,1,0,0,0,0,0,0
편애,0,0,0,0,0,1,0,0,0,0,0
없어져,1,0,0,0,0,0,0,0,0,0,0
넉넉하지,0,0,1,0,0,0,0,0,0,0,0
걱정스럽다,0,0,0,1,0,0,0,0,0,0,0
지독한,0,0,0,0,1,0,0,0,0,0,0
다급하게,0,0,0,1,0,0,0,0,0,0,0
헝클어져,1,0,0,0,0,0,0,0,0,0,0
건둥,0,0,0,0,0,0,1,0,0,0,0
참다못한,0,1,0,0,0,0,0,0,0,0,0
종기,0,0,0,0,0,0,0,0,1,0,0
맞는,0,0,0,0,0,0,0,0,1,0,0
부자연스러운,0,0,0,0,0,0,0,0,0,0,1
부족하거나,1,0,0,0,0,0,0,0,0,0,0
버럭대다,0,1,0,0,0,0,0,0,0,0,0
조심함,0,0,0,1,0,0,0,0,0,0,0
담력,0,0,0,0,0,0,0,1,0,0,0
부패한,1,0,0,0,0,0,0,0,0,0,0
미안하여,1,0,0,0,0,0,0,0,0,0,0
변하거나,0,0,0,0,0,0,0,0,0,0,1
헤매는,0,0,0,1,0,0,0,0,0,0,0
얼떨떨하다,0,0,0,1,0,0,0,0,0,0,0
원대하다,0,0,0,0,0,0,0,0,0,1,0
침침하다,0,0,0,0,1,0,0,0,0,0,0
어지러워지는,0,0,0,0,0,0,0,0,1,0,0
요란하게,0,0,0,0,0,0,0,1,0,0,0
정신없이,0,0,0,1,0,0,0,0,0,0,0
흐들갑스레,0,0,0,1,0,0,0,0,0,0,0
다정하지,0,0,1,0,0,0,0,0,0,0,0
희룽 거리,0,0,0,0,0,1,0,0,0,0,0
타분하다,0,0,0,1,0,0,0,0,0,0,0
천하다,1,0,0,0,0,0,0,0,0,0,0
맞추려고,0,0,0,1,0,0,0,0,0,0,0
만족,0,0,1,0,0,0,0,0,0,0,0
변비증,0,0,0,0,0,0,0,0,1,0,0
난폭하다,0,0,0,0,1,0,0,0,0,0,0
곯려,0,1,0,0,0,0,0,0,0,0,0
머뭇거리게,0,0,0,0,0,0,1,0,0,0,0
급한,0,0,0,1,0,0,0,0,0,0,0
미안하다,1,0,0,0,0,0,0,0,0,0,0
무안하고,1,0,0,0,0,0,0,0,0,0,0
힘들어지고,0,0,0,0,0,0,0,0,1,0,0
줄어들거나,1,0,0,0,0,0,0,0,0,0,0
배척,1,0,0,0,0,0,0,0,0,0,0
낡고,1,0,0,0,0,0,0,0,0,0,0
늦다,0,0,0,1,0,0,0,0,0,0,0
허무한,1,0,0,0,0,0,0,0,0,0,0
헐뜯는,0,0,0,0,0,1,0,0,0,0,0
함정,0,0,0,1,0,0,0,0,0,0,0
잘아지고,1,0,0,0,0,0,0,0,0,0,0
쇠약해지는,1,0,0,0,0,0,0,0,0,0,0
ㅜㅜ,1,0,0,0,0,0,0,0,0,0,0
떠벌리는,0,0,0,0,0,0,0,1,0,0,0
틀린,1,0,0,0,0,0,0,0,0,0,0
섭섭하게,1,0,0,0,0,0,0,0,0,0,0
부적당한,0,1,0,0,0,0,0,0,0,0,0
비웃거나,0,0,0,0,0,1,0,0,0,0,0
치우치게,0,0,0,0,0,1,0,0,0,0,0
까칠하거나,0,0,0,1,0,0,0,0,0,0,0
꺾이거나,0,0,0,1,0,0,0,0,0,0,0
급하게,0,0,0,1,0,0,0,0,0,0,0
지루해져서,0,0,0,0,0,0,1,0,0,0,0
헐었거나,1,0,0,0,0,0,0,0,0,0,0
사납다,0,0,0,0,1,0,0,0,0,0,0
더부룩하여,0,0,0,0,0,0,0,0,1,0,0
때리는,0,0,0,0,0,0,0,0,1,0,0
시원,0,0,1,0,0,0,0,0,0,0,0
거만한,0,0,0,0,1,0,0,0,0,0,0
지켜지지,1,0,0,0,0,0,0,0,0,0,0
패배,1,0,0,0,0,0,0,0,0,0,0
종말,1,0,0,0,0,0,0,0,0,0,0
참담하다,1,0,0,0,0,0,0,0,0,0,0
떨림,0,0,0,1,0,0,0,0,0,0,0
잘린,0,0,0,0,1,0,0,0,0,0,0
허세,0,0,0,0,0,1,0,0,0,0,0
정밀,0,0,0,1,0,0,0,0,0,0,0
짜증나다,0,1,0,0,0,0,0,0,0,0,0
미련,0,0,0,0,0,0,0,1,0,0,0
군색,0,0,0,0,0,1,0,0,0,0,0
괴물,0,0,0,0,1,0,0,0,0,0,0
귀찮다,0,1,0,0,0,0,0,0,0,0,0
비뚤어지거나,0,0,0,1,0,0,0,0,0,0,0
한심한,0,0,0,0,0,1,0,0,0,0,0
악명,0,0,0,0,1,0,0,0,0,0,0
부딪치거나,0,0,0,0,0,0,0,0,1,0,0
엄격하게,0,0,0,1,0,0,0,0,0,0,0
어둡고,0,0,0,0,1,0,0,0,0,0,0
창조성,0,0,0,0,0,0,0,0,0,0,1
바르고,0,0,1,0,0,0,0,0,0,0,0
의지,0,0,1,0,0,0,0,0,0,0,0
빼앗아,0,0,0,1,0,0,0,0,0,0,0
어처구니없는,0,1,0,0,0,0,0,0,0,0,0
일으키다,0,0,0,0,0,0,0,0,0,1,0
으름장,0,0,0,0,1,0,0,0,0,0,0
패가망신,1,0,0,0,0,0,0,0,0,0,0
꾸짖음,0,0,0,0,1,0,0,0,0,0,0
협박,0,0,0,0,1,0,0,0,0,0,0
비매,0,0,0,0,1,0,0,0,0,0,0
싫증,0,0,0,0,0,0,1,0,0,0,0
어지러울,0,0,0,0,0,0,0,0,1,0,0
무시,0,0,0,0,0,0,1,0,0,0,0
심하고,0,1,0,0,0,0,0,0,0,0,0
앓은,0,0,0,0,0,0,0,0,1,0,0
어지럽거나,0,0,0,0,0,0,0,0,1,0,0
최절,1,0,0,0,0,0,0,0,0,0,0
창백한,0,0,0,0,0,0,0,0,1,0,0
피부염,0,0,0,0,0,0,0,0,1,0,0
위반,0,0,0,1,0,0,0,0,0,0,0
통증,0,0,0,0,0,0,0,0,1,0,0
주춤,0,0,0,1,0,0,0,0,0,0,0
썩는,0,0,0,0,0,0,0,0,1,0,0
멈칫,0,0,0,1,0,0,0,0,0,0,0
무섭거나,0,0,0,0,1,0,0,0,0,0,0
더럽고,0,0,0,0,0,1,0,0,0,0,0
속절없이,0,0,0,0,0,0,0,1,0,0,0
쓰라림,0,0,0,0,0,0,0,0,1,0,0
불명예,1,0,0,0,0,0,0,0,0,0,0
조급하여,0,0,0,1,0,0,0,0,0,0,0
예리하지,0,0,0,1,0,0,0,0,0,0,0
씁쓰름하다,1,0,0,0,0,0,0,0,0,0,0
약하다,1,0,0,0,0,0,0,0,0,0,0
죽은,1,0,0,0,0,0,0,0,0,0,0
처지,1,0,0,0,0,0,0,0,0,0,0
심드렁하다,0,0,0,0,0,0,1,0,0,0,0
겁나다,0,0,0,0,1,0,0,0,0,0,0
미안하고,1,0,0,0,0,0,0,0,0,0,0
요구,0,0,0,1,0,0,0,0,0,0,0
천한,1,0,0,0,0,0,0,0,0,0,0
인색하게,0,1,0,0,0,0,0,0,0,0,0
가볍게,0,0,0,0,0,0,1,0,0,0,0
무섭다,0,0,0,0,1,0,0,0,0,0,0
근거,0,0,0,0,0,0,0,1,0,0,0
수감,0,0,1,0,0,0,0,0,0,0,0
약해져서,1,0,0,0,0,0,0,0,0,0,0
어려울,0,0,0,1,0,0,0,0,0,0,0
찡그리다,0,0,0,1,0,0,0,0,0,0,0
무너짐,1,0,0,0,0,0,0,0,0,0,0
무의미한,1,0,0,0,0,0,0,0,0,0,0
발칙하다,0,1,0,0,0,0,0,0,0,0,0
억제,0,0,0,0,0,1,0,0,0,0,0
애처롭게,1,0,0,0,0,0,0,0,0,0,0
나무라다,0,0,0,1,0,0,0,0,0,0,0
닥쳐오다,0,0,0,1,0,0,0,0,0,0,0
천박한,0,0,0,0,0,1,0,0,0,0,0
파괴,0,0,0,0,0,0,0,0,1,0,0
타격,0,0,0,0,0,1,0,0,0,0,0
싫다,0,0,0,1,0,0,0,0,0,0,0
씰룩거리는,0,0,0,0,0,1,0,0,0,0,0
난처하거나,0,0,0,1,0,0,0,0,0,0,0
고비,1,0,0,0,0,0,0,0,0,0,0
허망,1,0,0,0,0,0,0,0,0,0,0
깨어지다,1,0,0,0,0,0,0,0,0,0,0
둔하다,0,0,0,0,0,0,1,0,0,0,0
잃어,1,0,0,0,0,0,0,0,0,0,0
오싹,0,0,0,0,1,0,0,0,0,0,0
천박하고,0,0,0,0,0,1,0,0,0,0,0
치매,0,0,0,0,0,0,0,0,1,0,0
낡다,1,0,0,0,0,0,0,0,0,0,0
버럭,0,1,0,0,0,0,0,0,0,0,0
요란하고,0,0,0,1,0,0,0,0,0,0,0
우스운,0,0,1,0,0,0,0,0,0,0,0
어렵다,1,0,0,0,0,0,0,0,0,0,0
해롱,0,0,0,0,0,0,0,0,1,0,0
수상,0,0,0,1,0,0,0,0,0,0,0
비추하다,1,0,0,0,0,0,0,0,0,0,0
ㅈㅅ,1,0,0,0,0,0,0,0,0,0,0
조롱,0,0,0,0,0,1,0,0,0,0,0
뾰루퉁하,0,1,0,0,0,0,0,0,0,0,0
특별하지,0,0,0,0,0,0,0,1,0,0,0
경솔한,0,0,0,1,0,0,0,0,0,0,0
다투다,0,0,0,1,0,0,0,0,0,0,0
허약하여져서,0,0,0,1,0,0,0,0,0,0,0
경박하게,1,0,0,0,0,0,0,0,0,0,0
떠들어서,0,1,0,0,0,0,0,0,0,0,0
울렁거리는,0,0,0,0,0,0,0,0,1,0,0
물러나다,0,0,0,1,0,0,0,0,0,0,0
틀어지다,0,0,0,1,0,0,0,0,0,0,0
맛없이,0,1,0,0,0,0,0,0,0,0,0
죽다,1,0,0,0,0,0,0,0,0,0,0
섭섭하고,1,0,0,0,0,0,0,0,0,0,0
태연하다,0,0,0,0,0,0,1,0,0,0,0
힘들다,0,0,0,0,0,0,0,0,1,0,0
빵셔틀,1,0,0,0,0,0,0,0,0,0,0
두려워하다,0,0,0,0,1,0,0,0,0,0,0
어지럽다,0,0,0,0,0,0,0,0,1,0,0
교만하게,0,0,0,0,0,1,0,0,0,0,0
알아차리지,0,0,0,0,0,0,0,0,0,1,0
허약해진,0,0,0,0,0,0,0,0,1,0,0
호화,0,0,1,0,0,0,0,0,0,0,0
희룽대,0,0,0,0,0,1,0,0,0,0,0
나서다,0,0,0,0,0,0,0,0,0,1,0
원하지,1,0,0,0,0,0,0,0,0,0,0
헐어지거나,1,0,0,0,0,0,0,0,0,0,0
해어져서,1,0,0,0,0,0,0,0,0,0,0
피우다,0,0,1,0,0,0,0,0,0,0,0
좁고,1,0,0,0,0,0,0,0,0,0,0
죽었을,1,0,0,0,0,0,0,0,0,0,0
허전하고,0,0,0,0,0,0,1,0,0,0,0
여위우다,0,0,0,0,0,0,1,0,0,0,0
아쉬워하다,1,0,0,0,0,0,0,0,0,0,0
거친,1,0,0,0,0,0,0,0,0,0,0
체함,0,0,0,0,0,0,0,0,1,0,0
앓아서,0,0,0,0,0,0,0,0,1,0,0
주작,0,1,0,0,0,0,0,0,0,0,0
쓰거나,0,0,0,0,0,0,0,0,1,0,0
지쳐서,1,0,0,0,0,0,0,0,0,0,0
올바르지,0,0,1,0,0,0,0,0,0,0,0
슬프다,1,0,0,0,0,0,0,0,0,0,0
망설이다,0,0,0,1,0,0,0,0,0,0,0
꼬이거나,0,1,0,0,0,0,0,0,0,0,0
머뭇거리며,0,0,0,1,0,0,0,0,0,0,0
없어지거나,1,0,0,0,0,0,0,0,0,0,0
충격,0,0,0,0,0,0,0,0,1,0,0
향기로운,0,0,1,0,0,0,0,0,0,0,0
홀린,0,0,0,0,1,0,0,0,0,0,0
때려서,0,0,0,1,0,0,0,0,0,0,0
교묘히,0,0,0,0,1,0,0,0,0,0,0
피해,1,0,0,0,0,0,0,0,0,0,0
쓸쓸함,1,0,0,0,0,0,0,0,0,0,0
추궁,0,0,0,1,0,0,0,0,0,0,0
질투,0,1,0,0,0,0,0,0,0,0,0
폭력,0,1,0,0,0,0,0,0,0,0,0
힘없다,1,0,0,0,0,0,0,0,0,0,0
참을,0,0,0,0,0,0,0,0,1,0,0
모략,0,0,0,0,0,0,0,1,0,0,0
자증,0,0,0,0,0,0,0,0,0,0,1
아득하다,0,0,0,0,0,0,0,0,0,0,1
너저분한,0,0,0,0,0,1,0,0,0,0,0
지지,0,0,0,0,0,0,0,0,0,0,1
내송,0,0,0,0,0,0,0,0,0,0,1
서운하다,1,0,0,0,0,0,0,0,0,0,0
심하게,1,0,0,0,0,0,0,0,0,0,0
답답하게,0,0,0,0,0,1,0,0,0,0,0
쑥스럽다,0,0,1,0,0,0,0,0,0,0,0
놀려,0,0,0,0,0,1,0,0,0,0,0
지나치다,0,1,0,0,0,0,0,0,0,0,0
공포,0,0,0,0,1,0,0,0,0,0,0
갈등,0,0,0,1,0,0,0,0,0,0,0
상실,1,0,0,0,0,0,0,0,0,0,0
시발,0,1,0,0,0,0,0,0,0,0,0
고독,1,0,0,0,0,0,0,0,0,0,0
낑낑대다,0,0,0,1,0,0,0,0,0,0,0
증세,0,0,0,1,0,0,0,0,0,0,0
불면,0,0,0,0,0,0,0,0,1,0,0
두통,0,0,0,0,0,0,0,0,1,0,0
약해진,1,0,0,0,0,0,0,0,0,0,0
흐느껴,1,0,0,0,0,0,0,0,0,0,0
조마조마한,0,0,0,1,0,0,0,0,0,0,0
나릿나릿,0,0,0,0,0,0,1,0,0,0,0
뜨끔히,0,0,0,1,0,0,0,0,0,0,0
안타깝거나,1,0,0,0,0,0,0,0,0,0,0
노려보다,0,1,0,0,0,0,0,0,0,0,0
ㅆㅂ,0,1,0,0,0,0,0,0,0,0,0
발길질,0,1,0,0,0,0,0,0,0,0,0
유감,1,0,0,0,0,0,0,0,0,0,0
사나운,1,0,0,0,0,0,0,0,0,0,0
성질,0,1,0,0,0,0,0,0,0,0,0
찌르는,0,0,0,0,1,0,0,0,0,0,0
조심성,0,0,0,1,0,0,0,0,0,0,0
느리다,1,0,0,0,0,0,0,0,0,0,0
우물거리며,1,0,0,0,0,0,0,0,0,0,0
쭈그러들다,1,0,0,0,0,0,0,0,0,0,0
꾸물꾸물,1,0,0,0,0,0,0,0,0,0,0
건드려,0,0,0,1,0,0,0,0,0,0,0
귀찮거나,1,0,0,0,0,0,0,0,0,0,0
지쳐,1,0,0,0,0,0,0,0,0,0,0
흐려지고,1,0,0,0,0,0,0,0,0,0,0
야위는,1,0,0,0,0,0,0,0,0,0,0
욕심꾸러기,0,0,0,0,1,0,0,0,0,0,0
무능한,1,0,0,0,0,0,0,0,0,0,0
몰래,0,0,0,1,0,0,0,0,0,0,0
오래되거나,1,0,0,0,0,0,0,0,0,0,0
불안,0,0,0,1,0,0,0,0,0,0,0
떠들고,0,0,0,0,0,1,0,0,0,0,0
실수,0,0,0,0,0,1,0,0,0,0,0
굶는,1,0,0,0,0,0,0,0,0,0,0
끊어져,1,0,0,0,0,0,0,0,0,0,0
얼빠진,0,0,0,0,0,0,1,0,0,0,0
문제,0,0,0,1,0,0,0,0,0,0,0
자포자기,1,0,0,0,0,0,0,0,0,0,0
힘없는,1,0,0,0,0,0,0,0,0,0,0
답답하고,0,0,0,0,0,1,0,0,0,0,0
얻어맞을,0,0,0,0,0,0,0,0,1,0,0
헐어서,1,0,0,0,0,0,0,0,0,0,0
싱거운,0,1,0,0,0,0,0,0,0,0,0
탐욕,0,0,0,0,0,1,0,0,0,0,0
교묘하다,0,0,0,0,0,1,0,0,0,0,0
까다롭다,0,0,0,0,0,1,0,0,0,0,0
복잡하다,0,0,0,0,0,0,0,0,0,0,1
우물쭈물,0,0,0,0,0,0,0,0,0,0,1
짓눌러서,0,0,0,0,0,0,0,0,1,0,0
신경질,0,1,0,0,0,0,0,0,0,0,0
발열,0,0,0,0,0,0,0,0,1,0,0
독감,0,0,0,0,0,0,0,0,1,0,0
미약,0,0,0,0,0,0,0,1,0,0,0
횡령,0,0,0,0,0,1,0,0,0,0,0
아둔하고,0,0,0,0,0,0,1,0,0,0,0
심하다,0,0,0,1,0,0,0,0,0,0,0
고소,0,0,0,0,1,0,0,0,0,0,0
깔깔하거나,0,0,0,0,0,1,0,0,0,0,0
밟는,0,0,0,0,0,0,0,0,1,0,0
그만두다,1,0,0,0,0,0,0,0,0,0,0
어색한,0,0,0,1,0,0,0,0,0,0,0
질병,0,0,0,0,0,0,0,0,1,0,0
불리하다,1,0,0,0,0,0,0,0,0,0,0
비정한,1,0,0,0,0,0,0,0,0,0,0
불안할,0,0,0,1,0,0,0,0,0,0,0
갈증,0,0,0,0,0,0,0,0,1,0,0
말썽,0,0,0,0,0,1,0,0,0,0,0
소란스러움,0,0,0,0,0,1,0,0,0,0,0
메말라,1,0,0,0,0,0,0,0,0,0,0
빼앗음,0,0,0,0,0,1,0,0,0,0,0
의심스럽거나,0,0,0,0,0,1,0,0,0,0,0
죽는,1,0,0,0,0,0,0,0,0,0,0
ㅈㄹ,0,1,0,0,0,0,0,0,0,0,0
따뜻하지,0,1,0,0,0,0,0,0,0,0,0
깨진,0,0,0,0,1,0,0,0,0,0,0
조바심,0,0,0,1,0,0,0,0,0,0,0
엉뚱한,0,0,0,0,0,0,0,0,0,0,1
골다,1,0,0,0,0,0,0,0,0,0,0
불순,0,0,0,0,0,1,0,0,0,0,0
깨뜨려,0,0,0,0,1,0,0,0,0,0,0
병균,0,0,0,0,0,0,0,0,1,0,0
아프고,0,0,0,0,0,0,0,0,1,0,0
허사,1,0,0,0,0,0,0,0,0,0,0
박탈,1,0,0,0,0,0,0,0,0,0,0
아첨,0,0,0,0,0,1,0,0,0,0,0
자빠지다,0,0,0,0,0,0,0,0,1,0,0
부득,0,1,0,0,0,0,0,0,0,0,0
낭비하다,0,1,0,0,0,0,0,0,0,0,0
친하다,0,0,1,0,0,0,0,0,0,0,0
지옥,0,0,0,0,1,0,0,0,0,0,0
소원,0,0,1,0,0,0,0,0,0,0,0
똘똘하,0,0,1,0,0,0,0,0,0,0,0
앓아,0,0,0,0,0,0,0,0,1,0,0
위험한,0,0,0,0,1,0,0,0,0,0,0
죽게,1,0,0,0,0,0,0,0,0,0,0
어렵게,1,0,0,0,0,0,0,0,0,0,0
컴컴하다,0,0,0,1,0,0,0,0,0,0,0
무섭고,0,0,0,0,1,0,0,0,0,0,0
초조해지고,0,0,0,1,0,0,0,0,0,0,0
어지럽고,0,0,0,0,0,0,0,0,1,0,0
굶주린,1,0,0,0,0,0,0,0,0,0,0
비뚤어져서,0,1,0,0,0,0,0,0,0,0,0
분한,0,1,0,0,0,0,0,0,0,0,0
허전한,0,0,0,0,0,0,1,0,0,0,0
망설이는,0,0,0,0,0,0,1,0,0,0,0
초조,0,0,0,1,0,0,0,0,0,0,0
투덜대다,0,1,0,0,0,0,0,0,0,0,0
서먹서먹하게,0,0,0,1,0,0,0,0,0,0,0
복종,0,0,0,0,1,0,0,0,0,0,0
악한,0,0,0,0,1,0,0,0,0,0,0
모순,0,0,0,0,0,0,0,1,0,0,0
헤매다,0,0,0,1,0,0,0,0,0,0,0
정신병,0,0,0,0,0,0,0,0,1,0,0
뜨끔하다,0,0,0,1,0,0,0,0,0,0,0
뒤지어,0,0,0,0,0,0,0,0,0,1,0
서먹서먹하다,1,0,0,0,0,0,0,0,0,0,0
악취,1,0,0,0,0,0,0,0,0,0,0
사고파는,1,0,0,0,0,0,0,0,0,0,0
꺼칠하다,1,0,0,0,0,0,0,0,0,0,0
부실하게,0,0,0,1,0,0,0,0,0,0,0
죽기를,1,0,0,0,0,0,0,0,0,0,0
중풍,0,0,0,0,0,0,0,0,1,0,0
껄렁껄렁한,0,0,0,0,0,1,0,0,0,0,0
속이거나,1,0,0,0,0,0,0,0,0,0,0
온순하지,0,0,1,0,0,0,0,0,0,0,0
공황,0,0,0,1,0,0,0,0,0,0,0
지루하고,0,0,0,0,0,0,1,0,0,0,0
오싹하다,0,0,0,0,1,0,0,0,0,0,0
머뭇머뭇,0,0,0,1,0,0,0,0,0,0,0
초조하고,0,0,0,1,0,0,0,0,0,0,0
사납게,0,1,0,0,0,0,0,0,0,0,0
다치거나,0,0,0,0,0,0,0,0,1,0,0
현기증,0,0,0,0,0,0,0,0,1,0,0
쓰다,0,0,0,0,0,0,0,0,1,0,0
어두워,0,0,0,0,1,0,0,0,0,0,0
떠들썩하게,0,0,0,0,0,0,0,1,0,0,0
범죄,0,0,0,0,1,0,0,0,0,0,0
결심,0,0,1,0,0,0,0,0,0,0,0
한숨,1,0,0,0,0,0,0,0,0,0,0
버리다,1,0,0,0,0,0,0,0,0,0,0
조급한,0,0,0,1,0,0,0,0,0,0,0
귀찮을,0,0,0,0,0,0,1,0,0,0,0
여위어,1,0,0,0,0,0,0,0,0,0,0
쩔쩔매거나,0,0,0,0,1,0,0,0,0,0,0
아프며,0,0,0,0,0,0,0,0,1,0,0
다투거나,0,0,0,0,1,0,0,0,0,0,0
물어,0,0,0,1,0,0,0,0,0,0,0
까다로워,0,0,0,1,0,0,0,0,0,0,0
어둑하다,0,0,0,0,1,0,0,0,0,0,0
웃는,0,1,0,0,0,0,0,0,0,0,0
꾸짖는,0,0,0,0,1,0,0,0,0,0,0
약해지다,0,0,0,0,0,0,1,0,0,0,0
꺼림,0,0,0,1,0,0,0,0,0,0,0
미안함,1,0,0,0,0,0,0,0,0,0,0
막히거나,1,0,0,0,0,0,0,0,0,0,0
불행,1,0,0,0,0,0,0,0,0,0,0
테러,0,0,0,1,0,0,0,0,0,0,0
쓸쓸하다,1,0,0,0,0,0,0,0,0,0,0
시련,0,0,0,1,0,0,0,0,0,0,0
시체,0,0,0,0,1,0,0,0,0,0,0
무리하게,0,0,0,0,0,1,0,0,0,0,0
아쉬움,1,0,0,0,0,0,0,0,0,0,0
지루,0,0,0,0,0,0,1,0,0,0,0
앙큼하게,0,0,0,0,0,0,0,1,0,0,0
또렷하지,0,0,1,0,0,0,0,0,0,0,0
정직하지,0,0,1,0,0,0,0,0,0,0,0
흐들갑,0,0,0,0,0,1,0,0,0,0,0
간섭,0,1,0,0,0,0,0,0,0,0,0
굶주리다,0,0,0,1,0,0,0,0,0,0,0
망설이거나,0,0,0,1,0,0,0,0,0,0,0
빈둥빈둥,0,0,0,0,0,0,1,0,0,0,0
막히다,1,0,0,0,0,0,0,0,0,0,0
찢어지다,1,0,0,0,0,0,0,0,0,0,0
깨뜨리다,0,0,0,1,0,0,0,0,0,0,0
없애다,1,0,0,0,0,0,0,0,0,0,0
허약해지다,0,0,0,0,0,0,1,0,0,0,0
속여,0,0,0,0,0,1,0,0,0,0,0
얼렁뚱땅,0,0,0,0,0,1,0,0,0,0,0
꾸짖다,0,1,0,0,0,0,0,0,0,0,0
까불거나,0,0,0,0,0,1,0,0,0,0,0
캄캄한,0,0,0,0,1,0,0,0,0,0,0
어지르다,0,0,0,0,0,1,0,0,0,0,0
거슬리다,0,0,0,1,0,0,0,0,0,0,0
어둡다,0,0,0,0,1,0,0,0,0,0,0
놓쳐,1,0,0,0,0,0,0,0,0,0,0
그르치,0,1,0,0,0,0,0,0,0,0,0
없어진,1,0,0,0,0,0,0,0,0,0,0
성하고,0,0,1,0,0,0,0,0,0,0,0
짓무르,0,0,0,0,1,0,0,0,0,0,0
피로하여,0,0,0,0,0,0,0,0,1,0,0
찌들고,0,0,0,0,0,1,0,0,0,0,0
억지스럽다,0,0,0,1,0,0,0,0,0,0,0
아쉽거나,1,0,0,0,0,0,0,0,0,0,0
굴복시킴,0,0,0,0,1,0,0,0,0,0,0
저지른,0,0,0,1,0,0,0,0,0,0,0
묻다,0,0,0,0,0,0,1,0,0,0,0
꼬집히는,0,0,0,0,0,0,0,0,1,0,0
불유쾌,0,0,0,0,0,1,0,0,0,0,0
꺾음,1,0,0,0,0,0,0,0,0,0,0
미개하다,0,0,0,0,0,1,0,0,0,0,0
깨어지거나,0,0,0,0,1,0,0,0,0,0,0
쓰러지거나,1,0,0,0,0,0,0,0,0,0,0
황당한,0,0,0,1,0,0,0,0,0,0,0
약하고,1,0,0,0,0,0,0,0,0,0,0
익혀지지,1,0,0,0,0,0,0,0,0,0,0
과격한,0,0,0,1,0,0,0,0,0,0,0
사납고,0,0,0,0,1,0,0,0,0,0,0
지껄이는,0,0,0,1,0,0,0,0,0,0,0
천하고,1,0,0,0,0,0,0,0,0,0,0
경솔하게,0,1,0,0,0,0,0,0,0,0,0
깨달음,0,0,1,0,0,0,0,0,0,0,0
참거나,1,0,0,0,0,0,0,0,0,0,0
징그러운,0,0,0,0,1,0,0,0,0,0,0
쑤시고,0,0,0,0,1,0,0,0,0,0,0
시큰거리고,0,0,0,0,0,0,0,0,1,0,0
죽는다는,0,0,0,1,0,0,0,0,0,0,0
쉬거나,0,0,0,0,0,0,1,0,0,0,0
당한,0,0,0,1,0,0,0,0,0,0,0
움찔,0,0,0,1,0,0,0,0,0,0,0
까불어,0,1,0,0,0,0,0,0,0,0,0
대담하지,0,0,0,0,0,0,0,0,0,1,0
씁쓰레하다,1,0,0,0,0,0,0,0,0,0,0
어지럼증,0,0,0,0,0,0,0,0,1,0,0
처참히,1,0,0,0,0,0,0,0,0,0,0
사늘한,0,0,0,1,0,0,0,0,0,0,0
위축,0,0,0,1,0,0,0,0,0,0,0
마비,0,0,0,0,0,0,0,0,1,0,0
꾸미는,0,0,1,0,0,0,0,0,0,0,0
사라져,1,0,0,0,0,0,0,0,0,0,0
죽기만을,1,0,0,0,0,0,0,0,0,0,0
사정없이,0,1,0,0,0,0,0,0,0,0,0
불운,1,0,0,0,0,0,0,0,0,0,0
더위,0,1,0,0,0,0,0,0,0,0,0
멋쩍음,0,0,0,0,0,0,1,0,0,0,0
미쳐,0,0,0,1,0,0,0,0,0,0,0
꾸지람,1,0,0,0,0,0,0,0,0,0,0
짓눌러,0,0,0,1,0,0,0,0,0,0,0
슬퍼지다,1,0,0,0,0,0,0,0,0,0,0
헛디디다,0,0,0,1,0,0,0,0,0,0,0
신선하지,0,0,1,0,0,0,0,0,0,0,0
헛디디거나,0,0,0,1,0,0,0,0,0,0,0
다그치며,0,0,0,1,0,0,0,0,0,0,0
압박,0,0,0,1,0,0,0,0,0,0,0
빠듯하,0,0,0,1,0,0,0,0,0,0,0
어지럽도록,0,0,0,0,0,0,0,0,1,0,0
안타깝다,1,0,0,0,0,0,0,0,0,0,0
흐림,1,0,0,0,0,0,0,0,0,0,0
안전하지,0,0,1,0,0,0,0,0,0,0,0
노여움,0,1,0,0,0,0,0,0,0,0,0
시큰둥하다,0,0,0,0,0,0,1,0,0,0,0
같잖다,0,0,0,0,0,1,0,0,0,0,0
죄과,0,0,0,0,0,1,0,0,0,0,0
갑갑할,0,0,0,0,0,0,0,0,1,0,0
답답하여,0,0,0,0,0,0,0,0,1,0,0
명백하지,0,0,0,1,0,0,0,0,0,0,0
부끄러워하다,1,0,0,0,0,0,0,0,0,0,0
착한,0,0,1,0,0,0,0,0,0,0,0
풀다,0,0,0,0,0,0,0,0,0,1,0
벙글,0,0,1,0,0,0,0,0,0,0,0
서다,0,0,1,0,0,0,0,0,0,0,0
그릇된,0,1,0,0,0,0,0,0,0,0,0
오한,0,0,0,0,0,0,0,0,1,0,0
비웃으며,0,0,0,0,0,1,0,0,0,0,0
우유부단하다,0,1,0,0,0,0,0,0,0,0,0
징그럽다,0,0,0,0,1,0,0,0,0,0,0
쑤시다,0,0,0,0,1,0,0,0,0,0,0
한계,0,0,0,1,0,0,0,0,0,0,0
불쌍한,1,0,0,0,0,0,0,0,0,0,0
불안하여,0,0,0,1,0,0,0,0,0,0,0
압력,0,0,0,1,0,0,0,0,0,0,0
공연히,0,0,0,0,0,0,1,0,0,0,0
의기소침하다,1,0,0,0,0,0,0,0,0,0,0
머뭇거리다,0,0,0,1,0,0,0,0,0,0,0
사태,0,0,0,1,0,0,0,0,0,0,0
투덜거리다,0,1,0,0,0,0,0,0,0,0,0
마약,0,0,0,1,0,0,0,0,0,0,0
결핵,0,0,0,0,0,0,0,0,1,0,0
죽음,0,0,0,0,1,0,0,0,0,0,0
천식,0,0,0,0,0,0,0,0,1,0,0
떨리는,0,0,0,1,0,0,0,0,0,0,0
늙거나,1,0,0,0,0,0,0,0,0,0,0
콜록콜록,0,0,0,0,0,0,0,0,1,0,0
부끄러워지다,1,0,0,0,0,0,0,0,0,0,0
아름답지,0,0,1,0,0,0,0,0,0,0,0
잃게,1,0,0,0,0,0,0,0,0,0,0
차가운,0,0,0,1,0,0,0,0,0,0,0
피부병,0,0,0,0,0,0,0,0,1,0,0
답답하다,1,0,0,0,0,0,0,0,0,0,0
없거나,1,0,0,0,0,0,0,0,0,0,0
밉다,0,0,0,0,0,1,0,0,0,0,0
치밀어,0,1,0,0,0,0,0,0,0,0,0
서늘한,0,0,0,1,0,0,0,0,0,0,0
악당,0,0,0,0,1,0,0,0,0,0,0
조마조마하게,0,0,0,1,0,0,0,0,0,0,0
따끔하게,0,0,0,0,0,0,0,0,1,0,0
어려운,0,0,0,1,0,0,0,0,0,0,0
설움,1,0,0,0,0,0,0,0,0,0,0
서투르고,1,0,0,0,0,0,0,0,0,0,0
떠들다,0,0,1,0,0,0,0,0,0,0,0
공허하다,1,0,0,0,0,0,0,0,0,0,0
조잡하다,0,0,0,0,0,1,0,0,0,0,0
부패하다,0,0,0,0,0,1,0,0,0,0,0
바이러스,0,0,0,0,1,0,0,0,0,0,0
포악한,0,0,0,0,1,0,0,0,0,0,0
오스스,0,0,0,0,1,0,0,0,0,0,0
함부로,0,1,0,0,0,0,0,0,0,0,0
갈팡질팡,1,0,0,0,0,0,0,0,0,0,0
없어짐,1,0,0,0,0,0,0,0,0,0,0
답답해진다,0,0,0,0,0,0,0,0,1,0,0
창백하고,0,0,0,0,1,0,0,0,0,0,0
잃었다,1,0,0,0,0,0,0,0,0,0,0
쓴웃음,1,0,0,0,0,0,0,0,0,0,0
우그러지고,1,0,0,0,0,0,0,0,0,0,0
야위고,1,0,0,0,0,0,0,0,0,0,0
내버려지다,1,0,0,0,0,0,0,0,0,0,0
침체,1,0,0,0,0,0,0,0,0,0,0
지친,1,0,0,0,0,0,0,0,0,0,0
흘겨보는,0,0,0,1,0,0,0,0,0,0,0
한증,0,0,0,0,0,0,0,0,1,0,0
가누지,1,0,0,0,0,0,0,0,0,0,0
앙칼지게,0,1,0,0,0,0,0,0,0,0,0
무능하다,0,0,0,0,0,1,0,0,0,0,0
허약한,1,0,0,0,0,0,0,0,0,0,0
따돌림,1,0,0,0,0,0,0,0,0,0,0
답답함,0,0,0,0,1,0,0,0,0,0,0
힘없은,1,0,0,0,0,0,0,0,0,0,0
폭행,0,0,0,0,1,0,0,0,0,0,0
따끔,0,0,0,0,0,0,0,0,1,0,0
희롱,0,1,0,0,0,0,0,0,0,0,0
음란하고,0,0,0,0,0,0,0,1,0,0,0
짜그라트리다,0,0,0,1,0,0,0,0,0,0,0
어그러져,0,0,0,1,0,0,0,0,0,0,0
어긋나고,1,0,0,0,0,0,0,0,0,0,0
엉뚱하게,0,0,0,0,0,0,0,0,0,0,1
저급하다,0,1,0,0,0,0,0,0,0,0,0
안타깝고,1,0,0,0,0,0,0,0,0,0,0
적의,0,0,0,1,0,0,0,0,0,0,0
떨어,0,0,0,0,1,0,0,0,0,0,0
성실하지,0,0,1,0,0,0,0,0,0,0,0
포학한,0,0,0,0,1,0,0,0,0,0,0
서투르게,0,0,0,1,0,0,0,0,0,0,0
차갑다,0,0,0,0,0,0,1,0,0,0,0
혼란,0,0,0,1,0,0,0,0,0,0,0
다친,0,0,0,0,1,0,0,0,0,0,0
충치,0,0,0,0,0,0,0,0,1,0,0
곤욕,0,1,0,0,0,0,0,0,0,0,0
허약하여진,1,0,0,0,0,0,0,0,0,0,0
혼미한,0,0,0,1,0,0,0,0,0,0,0
비꼬다,1,0,0,0,0,0,0,0,0,0,0
반란,0,0,0,1,0,0,0,0,0,0,0
치사하고,0,0,0,1,0,0,0,0,0,0,0
행불,0,0,0,1,0,0,0,0,0,0,0
미친,0,0,0,1,0,0,0,0,0,0,0
서투르다,0,0,0,0,0,0,1,0,0,0,0
속절없다,0,0,0,1,0,0,0,0,0,0,0
두려움,0,0,0,0,1,0,0,0,0,0,0
피난,1,0,0,0,0,0,0,0,0,0,0
어지러워서,0,0,0,0,0,0,0,0,1,0,0
초조하다,0,0,0,1,0,0,0,0,0,0,0
쓸모없고,1,0,0,0,0,0,0,0,0,0,0
지나쳐서,0,1,0,0,0,0,0,0,0,0,0
누르렀다,0,0,0,1,0,0,0,0,0,0,0
교묘하고,0,0,0,1,0,0,0,0,0,0,0
방탕한,0,0,0,0,0,0,0,1,0,0,0
까무러질,0,0,0,1,0,0,0,0,0,0,0
굳음,0,0,0,0,1,0,0,0,0,0,0
경박,0,0,0,0,0,0,0,0,1,0,0
허전하거나,1,0,0,0,0,0,0,0,0,0,0
존망,1,0,0,0,0,0,0,0,0,0,0
꾸물거리는,0,0,0,1,0,0,0,0,0,0,0
염치,1,0,0,0,0,0,0,0,0,0,0
탕진,1,0,0,0,0,0,0,0,0,0,0
기대,0,1,0,0,0,0,0,0,0,0,0
꾸중,0,0,0,0,0,0,0,0,1,0,0
엉뚱하고,0,0,0,0,0,0,0,0,0,0,1
중얼거리는,0,0,0,1,0,0,0,0,0,0,0
저릿한,0,0,0,1,0,0,0,0,0,0,0
한심하다,0,1,0,0,0,0,0,0,0,0,0
불안하다,0,0,0,1,0,0,0,0,0,0,0
까칠하다,0,1,0,0,0,0,0,0,0,0,0
낭비,1,0,0,0,0,0,0,0,0,0,0
교만하다,0,0,0,0,0,1,0,0,0,0,0
조급해지고,0,0,0,1,0,0,0,0,0,0,0
의기,0,0,1,0,0,0,0,0,0,0,0
더디다,0,0,0,0,0,0,1,0,0,0,0
험하다,0,0,0,1,0,0,0,0,0,0,0
미치지,0,0,0,1,0,0,0,0,0,0,0
건성,0,0,0,0,0,0,1,0,0,0,0
급하여,0,0,0,1,0,0,0,0,0,0,0
쇠약하다,1,0,0,0,0,0,0,0,0,0,0
곤궁,1,0,0,0,0,0,0,0,0,0,0
기회,0,0,1,0,0,0,0,0,0,0,0
마구,0,1,0,0,0,0,0,0,0,0,0
틀어져서,1,0,0,0,0,0,0,0,0,0,0
의아,0,0,0,1,0,0,0,0,0,0,0
오답,1,0,0,0,0,0,0,0,0,0,0
휘청거리며,0,0,0,1,0,0,0,0,0,0,0
살해,0,0,0,0,1,0,0,0,0,0,0
아프다,0,0,0,0,0,0,0,0,1,0,0
아찔하다,0,0,0,0,1,0,0,0,0,0,0
경망,0,1,0,0,0,0,0,0,0,0,0
환각,0,0,0,1,0,0,0,0,0,0,0
효력,0,0,0,0,0,0,0,0,0,0,1
난해하다,0,0,0,0,0,0,0,0,0,0,1
넘어지면서,0,0,0,0,0,0,0,0,1,0,0
귀찮으면서도,0,0,0,0,0,0,1,0,0,0,0
자빠지거나,0,0,0,0,0,0,0,0,1,0,0
아슬아슬하고,0,0,0,1,0,0,0,0,0,0,0
험한,0,1,0,0,0,0,0,0,0,0,0
들추어내어,1,0,0,0,0,0,0,0,0,0,0
지루한,0,0,0,0,0,0,1,0,0,0,0
부당한,0,1,0,0,0,0,0,0,0,0,0
어두침침하고,0,0,0,0,1,0,0,0,0,0,0
히스테리,0,0,0,0,1,0,0,0,0,0,0
다부지지,0,0,1,0,0,0,0,0,0,0,0
비웃다,0,0,0,0,0,1,0,0,0,0,0
혐오,0,0,0,0,0,1,0,0,0,0,0
부족하다,1,0,0,0,0,0,0,0,0,0,0
안타깝게,1,0,0,0,0,0,0,0,0,0,0
불안해하고,0,0,0,1,0,0,0,0,0,0,0
연민,1,0,0,0,0,0,0,0,0,0,0
엿보거나,0,0,0,1,0,0,0,0,0,0,0
없어지며,1,0,0,0,0,0,0,0,0,0,0
거만하게,0,0,0,0,0,1,0,0,0,0,0
멸망함,1,0,0,0,0,0,0,0,0,0,0
훼방,1,0,0,0,0,0,0,0,0,0,0
걱정스러워서,1,0,0,0,0,0,0,0,0,0,0
씁쓸하다,1,0,0,0,0,0,0,0,0,0,0
창백하여지고,0,0,0,0,1,0,0,0,0,0,0
곤란하다,0,0,0,1,0,0,0,0,0,0,0
부정,1,0,0,0,0,0,0,0,0,0,0
형벌,0,0,0,1,0,0,0,0,0,0,0
수치,0,0,0,0,1,0,0,0,0,0,0
ㅉㅉ,0,1,0,0,0,0,0,0,0,0,0
행방불명,0,0,0,1,0,0,0,0,0,0,0
틀리다,1,0,0,0,0,0,0,0,0,0,0
위력,0,0,0,0,0,0,0,0,0,1,0
쓰리며,0,0,0,0,0,0,0,0,1,0,0
언짢은,0,1,0,0,0,0,0,0,0,0,0
멸망,1,0,0,0,0,0,0,0,0,0,0
역경,0,0,0,0,0,0,0,0,1,0,0
놀라는,0,0,0,1,0,0,0,0,0,0,0
변태,0,0,0,0,0,1,0,0,0,0,0
푸념,1,0,0,0,0,0,0,0,0,0,0
은혜,0,0,1,0,0,0,0,0,0,0,0
사납던,0,0,0,1,0,0,0,0,0,0,0
쓰리다,0,0,0,0,0,0,0,0,1,0,0
위협,0,0,0,0,1,0,0,0,0,0,0
분하게,0,1,0,0,0,0,0,0,0,0,0
드센,0,1,0,0,0,0,0,0,0,0,0
거칠게,0,1,0,0,0,0,0,0,0,0,0
까다로운,0,0,0,1,0,0,0,0,0,0,0
따가운,0,0,0,0,0,0,0,0,1,0,0
끊어지다,1,0,0,0,0,0,0,0,0,0,0
탐하다,0,0,0,0,0,1,0,0,0,0,0
공포증,0,0,0,0,1,0,0,0,0,0,0
험하고,0,0,0,1,0,0,0,0,0,0,0
알쏭하다,0,0,0,0,0,0,0,0,0,0,1
부진,1,0,0,0,0,0,0,0,0,0,0
흘겨보다,0,1,0,0,0,0,0,0,0,0,0
경솔하고,0,1,0,0,0,0,0,0,0,0,0
풀려서,0,0,1,0,0,0,0,0,0,0,0
넘어지거나,0,0,0,0,0,0,0,0,1,0,0
병증,0,0,0,0,0,0,0,0,1,0,0
교만하여,0,0,0,0,0,1,0,0,0,0,0
이혼,1,0,0,0,0,0,0,0,0,0,0
불리한,1,0,0,0,0,0,0,0,0,0,0
감옥,0,0,0,0,1,0,0,0,0,0,0
망설이며,0,0,0,1,0,0,0,0,0,0,0
흥분하는,0,0,0,0,0,0,0,1,0,0,0
이상하다,0,0,0,0,0,0,0,0,0,0,1
움츠리다,0,0,0,1,0,0,0,0,0,0,0
떨어지는,1,0,0,0,0,0,0,0,0,0,0
상처,0,0,0,0,0,0,0,0,1,0,0
놀라거나,0,0,0,1,0,0,0,0,0,0,0
싸늘한,0,0,0,0,1,0,0,0,0,0,0
음울하다,1,0,0,0,0,0,0,0,0,0,0
교만하고,0,0,0,0,0,1,0,0,0,0,0
존멸,0,0,0,0,1,0,0,0,0,0,0
민감하다,0,0,0,1,0,0,0,0,0,0,0
움질대다,0,0,0,1,0,0,0,0,0,0,0
으스스,0,0,0,0,1,0,0,0,0,0,0
홀로,1,0,0,0,0,0,0,0,0,0,0
섭하다,1,0,0,0,0,0,0,0,0,0,0
차분하지,0,0,0,0,0,0,1,0,0,0,0
허약하여,1,0,0,0,0,0,0,0,0,0,0
극적,0,0,0,1,0,0,0,0,0,0,0
무모하다,0,0,0,1,0,0,0,0,0,0,0
현피,0,0,0,1,0,0,0,0,0,0,0
우습게,0,0,0,1,0,0,0,0,0,0,0
거들먹거들먹,0,0,0,1,0,0,0,0,0,0,0
요란하다,0,0,0,0,0,0,0,0,1,0,0
주제넘게,0,0,0,1,0,0,0,0,0,0,0
떨릴,0,0,0,0,1,0,0,0,0,0,0
슬프고,1,0,0,0,0,0,0,0,0,0,0
거꾸러뜨리다,0,0,0,1,0,0,0,0,0,0,0
성실,0,0,1,0,0,0,0,0,0,0,0
어지러운,0,0,0,0,0,0,0,0,1,0,0
위태롭,0,0,0,1,0,0,0,0,0,0,0
부정행위,0,0,0,1,0,0,0,0,0,0,0
우쭐,1,0,0,0,0,0,0,0,0,0,0
우물거림,0,1,0,0,0,0,0,0,0,0,0
잃다,1,0,0,0,0,0,0,0,0,0,0
억척스럽고,0,0,1,0,0,0,0,0,0,0,0
떨어지거나,1,0,0,0,0,0,0,0,0,0,0
앓아도,0,0,0,0,0,0,0,0,1,0,0
외롭다,1,0,0,0,0,0,0,0,0,0,0
흐리고,1,0,0,0,0,0,0,0,0,0,0
애쓰며,1,0,0,0,0,0,0,0,0,0,0
영악,0,0,0,1,0,0,0,0,0,0,0
꺼칠하고,0,0,0,0,1,0,0,0,0,0,0
오싹대다,0,0,0,0,1,0,0,0,0,0,0
선득하다,0,0,0,0,1,0,0,0,0,0,0
도살,0,0,0,0,1,0,0,0,0,0,0
아픈,0,0,0,0,0,0,0,0,1,0,0
출혈,0,0,0,0,0,0,0,0,1,0,0
대강대강,0,0,0,0,0,0,1,0,0,0,0
섭섭한,1,0,0,0,0,0,0,0,0,0,0
어찔어찔한,0,0,0,0,1,0,0,0,0,0,0
이별,1,0,0,0,0,0,0,0,0,0,0
피곤하다,1,0,0,0,0,0,0,0,0,0,0
갑작스러워,0,0,0,1,0,0,0,0,0,0,0
경박하다,0,0,0,0,0,0,0,0,1,0,0
교도소,0,0,0,0,1,0,0,0,0,0,0
부적절한,1,0,0,0,0,0,0,0,0,0,0
쇠약,1,0,0,0,0,0,0,0,0,0,0
거짓말,0,0,0,0,1,0,0,0,0,0,0
사로잡히다,0,0,0,1,0,0,0,0,0,0,0
나불,0,1,0,0,0,0,0,0,0,0,0
난폭한,0,0,0,0,1,0,0,0,0,0,0
음흉한,0,0,0,0,0,1,0,0,0,0,0
어기면서,0,0,0,1,0,0,0,0,0,0,0
농락,0,0,0,1,0,0,0,0,0,0,0
떨다,0,0,0,0,1,0,0,0,0,0,0
강박,0,0,0,1,0,0,0,0,0,0,0
모자라고,1,0,0,0,0,0,0,0,0,0,0
거들먹이다,0,0,0,0,0,1,0,0,0,0,0
어려워하다,1,0,0,0,0,0,0,0,0,0,0
의심스럽다,0,0,0,0,0,1,0,0,0,0,0
싫어하여,1,0,0,0,0,0,0,0,0,0,0
어설프며,1,0,0,0,0,0,0,0,0,0,0
강제,1,0,0,0,0,0,0,0,0,0,0
괘씸하고,0,1,0,0,0,0,0,0,0,0,0
늦어지다,0,0,0,1,0,0,0,0,0,0,0
음침하다,0,0,0,0,1,0,0,0,0,0,0
처지거나,1,0,0,0,0,0,0,0,0,0,0
위태,0,0,0,1,0,0,0,0,0,0,0
교활하고,0,0,0,1,0,0,0,0,0,0,0
찡찡대다,0,0,0,1,0,0,0,0,0,0,0
위태롭거,0,0,0,1,0,0,0,0,0,0,0
짖궂게,0,0,0,1,0,0,0,0,0,0,0
걱정,0,0,0,1,0,0,0,0,0,0,0
거칠거나,0,0,0,0,1,0,0,0,0,0,0
움츠린다는,0,0,0,1,0,0,0,0,0,0,0
무뚝뚝하다,0,0,0,0,0,0,1,0,0,0,0
아찔하여지다,0,0,0,1,0,0,0,0,0,0,0
구토,0,0,0,0,0,0,0,0,1,0,0
소름,0,0,0,1,0,0,0,0,0,0,0
어둡거나,0,0,0,1,0,0,0,0,0,0,0
한숨짓다,1,0,0,0,0,0,0,0,0,0,0
곤란하여지는,0,0,0,1,0,0,0,0,0,0,0
아프거나,0,0,0,0,0,0,0,0,1,0,0
부서지거나,0,0,0,0,0,0,0,1,0,0,0
적적하다,1,0,0,0,0,0,0,0,0,0,0
지루하다,1,0,0,0,0,0,0,0,0,0,0
참다못해,0,1,0,0,0,0,0,0,0,0,0
비뚤어지다,0,1,0,0,0,0,0,0,0,0,0
무시무시하다,0,0,0,0,1,0,0,0,0,0,0
자해,0,0,0,0,0,0,0,0,1,0,0
깔보아,0,0,0,0,0,1,0,0,0,0,0
죽이는,0,0,0,0,1,0,0,0,0,0,0
쇠약해지면서,1,0,0,0,0,0,0,0,0,0,0
훔친다는,0,0,0,1,0,0,0,0,0,0,0
굶주리고,0,0,0,1,0,0,0,0,0,0,0
건방진,0,1,0,0,0,0,0,0,0,0,0
섭섭하거나,1,0,0,0,0,0,0,0,0,0,0
놀림,0,1,0,0,0,0,0,0,0,0,0
착하지,0,0,0,0,0,1,0,0,0,0,0
늙어서,1,0,0,0,0,0,0,0,0,0,0
어두침침하게,0,0,0,1,0,0,0,0,0,0,0
훔치거나,0,0,0,1,0,0,0,0,0,0,0
휭하,0,0,0,0,0,0,1,0,0,0,0
훔침으로써,0,0,0,1,0,0,0,0,0,0,0
위조,0,0,0,1,0,0,0,0,0,0,0
탐내거나,0,0,0,1,0,0,0,0,0,0,0
까다롭게,0,0,0,1,0,0,0,0,0,0,0
깎아내리다,0,1,0,0,0,0,0,0,0,0,0
약하여져서,1,0,0,0,0,0,0,0,0,0,0
예민하거나,0,0,0,0,1,0,0,0,0,0,0
훔치는,0,0,0,1,0,0,0,0,0,0,0
싸움,0,0,0,1,0,0,0,0,0,0,0
약해지게,1,0,0,0,0,0,0,0,0,0,0
비판,0,0,0,1,0,0,0,0,0,0,0
어처구니없이,0,1,0,0,0,0,0,0,0,0,0
모자라는,1,0,0,0,0,0,0,0,0,0,0
어수선하거나,0,0,0,1,0,0,0,0,0,0,0
다듬어지지,0,0,0,0,0,0,1,0,0,0,0
놀다,0,0,1,0,0,0,0,0,0,0,0
깐깐하다,0,0,0,1,0,0,0,0,0,0,0
풀이,0,0,0,0,0,0,0,0,0,1,0
이르는,0,0,0,0,0,0,0,0,0,1,0
경솔하다,0,1,0,0,0,0,0,0,0,0,0
심하여,0,1,0,0,0,0,0,0,0,0,0
갑갑하다,0,0,0,0,0,0,0,0,1,0,0
위기,0,0,0,1,0,0,0,0,0,0,0
황천,0,0,0,0,1,0,0,0,0,0,0
아슬아슬하다,0,0,0,1,0,0,0,0,0,0,0
애쓰다,0,0,0,0,0,0,0,0,1,0,0
위급한,0,0,0,1,0,0,0,0,0,0,0
포악하며,0,0,0,1,0,0,0,0,0,0,0
거슬리는,0,1,0,0,0,0,0,0,0,0,0
분란,0,0,0,1,0,0,0,0,0,0,0
외롭거나,1,0,0,0,0,0,0,0,0,0,0
고함,0,0,0,1,0,0,0,0,0,0,0
어설프고,0,0,0,0,0,0,1,0,0,0,0
방탕하다,0,0,0,0,0,0,0,1,0,0,0
권세,0,0,0,0,0,0,0,1,0,0,0
몰아치다,0,0,0,1,0,0,0,0,0,0,0
감감히,0,0,0,0,0,0,1,0,0,0,0
대강,0,0,0,0,0,0,1,0,0,0,0
과격하다,0,1,0,0,0,0,0,0,0,0,0
빼앗겨,0,1,0,0,0,0,0,0,0,0,0
거만하고,0,0,0,0,0,1,0,0,0,0,0
거부,1,0,0,0,0,0,0,0,0,0,0
고름집,0,0,0,0,0,0,0,0,1,0,0
위축감,0,0,0,1,0,0,0,0,0,0,0
균형,0,0,0,0,0,0,1,0,0,0,0
수선스러워,0,0,0,0,0,0,0,0,1,0,0
울컥,1,0,0,0,0,0,0,0,0,0,0
엎어지는,0,0,0,0,0,0,0,0,1,0,0
미안하게,1,0,0,0,0,0,0,0,0,0,0
건들건들,0,0,0,1,0,0,0,0,0,0,0
멍하고,0,0,0,0,0,0,1,0,0,0,0
기일,1,0,0,0,0,0,0,0,0,0,0
여위고,1,0,0,0,0,0,0,0,0,0,0
찢어진,0,0,0,1,0,0,0,0,0,0,0
다투는,0,0,0,1,0,0,0,0,0,0,0
진절머리,0,0,0,0,0,1,0,0,0,0,0
답답한,0,0,0,0,0,1,0,0,0,0,0
다침,0,0,0,0,0,0,0,0,1,0,0
고자질,0,0,0,0,0,1,0,0,0,0,0
탈진,0,0,0,0,0,0,0,0,1,0,0
쓸쓸히,1,0,0,0,0,0,0,0,0,0,0
강도,0,0,0,0,1,0,0,0,0,0,0
근심,1,0,0,0,0,0,0,0,0,0,0
긴장,0,0,0,1,0,0,0,0,0,0,0
끊어짐,1,0,0,0,0,0,0,0,0,0,0
질서,0,0,0,0,0,0,1,0,0,0,0
걱정스럽거나,0,0,0,1,0,0,0,0,0,0,0
성급하게,0,0,0,1,0,0,0,0,0,0,0
교활한,0,0,0,0,1,0,0,0,0,0,0
쭈그러져,1,0,0,0,0,0,0,0,0,0,0
지혜,0,0,0,0,0,0,0,0,0,1,0
어리둥절하여,0,0,0,0,0,0,0,0,0,0,1
흔들리는,0,0,0,1,0,0,0,0,0,0,0
